Hashtag,Count
kbeauty,931
koreanskincare,916
skincare,553
skincareroutine,311
koreanmakeup,271
makeup,269
fyp,244
glassskin,203
skincaretips,162
makeuptutorial,128
korean,123
koreanbeauty,108
koreanskincareproducts,102
beauty,93
kbeautyskincare,89
grwm,87
wonyoungism,83
anua,77
skin1004,75
skintok,71
glowyskin,70
viral,67
yesstyle,66
acne,66
foryou,65
mixsoon,53
foryoupage,52
clearskin,52
kpop,47
koreanskincareroutine,47
skincareproducts,45
creatorsearchinsights,45
none,45
medicube,44
viralskincare,43
wonyoung,40
glowup,40
korea,37
beautytips,36
glowingskin,35
trending,35
skincare101,34
kskincare,34
asmr,32
selfcare,31
koreanskincaretips,31
hyperpigmentation,30
oliveyoung,30
acneproneskin,29
centella,28
aesthetic,27
pores,27
yesstyleinfluencers,27
skin,26
gurwm,26
antiaging,26
kbeautyproducts,25
pink,24
beautytok,24
glassskinroutine,23
doublecleansing,23
sensitiveskin,23
serum,22
skincaretiktok,22
nightroutine,22
kbeautymakeup,22
sunscreen,21
tiktokmademebuyit,21
beautyofjoseon,20
darkspots,20
douyinmakeup,20
morningroutine,19
routine,18
beautyhacks,18
dryskin,18
acnejourney,18
pdrn,17
glowuptips,17
grwmroutine,17
abib,16
koreansunscreen,16
retinol,16
romand,16
roundlab,16
kbeautytips,15
koreanskincaretiktok,15
koreangirl,15
skincarecoreano,15
douyin,15
makeuptips,15
collagenmask,15
skincareforbeginners,14
kbeautyroutine,14
dralthea,14
makeuproutine,14
ricemask,14
arencia,14
skincareviral,14
retinal,14
skincarerecommendations,13
relatable,13
brightening,13
purito,13
kbeautyfinds,13
toner,13
capcut,13
antiagingskincare,13
tutorial,13
facemask,13
explore,13
cleansingoil,12
acneskin,12
deinfluencing,12
cosrx,12
moisturizer,12
torriden,12
trend,12
skincareempties,12
fypã£ââ·,12
kbeautytiktok,12
cloggedpores,12
acnescars,11
amazonfinds,11
collagen,11
asianmakeup,11
acneskincare,11
xyzbca,11
ksecret,11
fy,11
gurwmroutine,11
idolmakeup,11
glow,11
acnetreatment,10
centellaskincare,10
oilyskin,10
aegyosal,10
asianbeauty,10
fwee,10
tiktokshopcreatorpicks,10
amazon,10
kbeautyaddict,10
seoul1988,10
koreanmakeuptutorial,10
jbeauty,10
makeuptutorials,10
celimax,10
kpopfyp,10
tonerpads,10
kbeautyblogger,9
tips,9
kpopmakeup,9
selfimprovement,9
viralvideo,9
foundation,9
tiktok,9
fungalacne,9
vitaminc,9
kbeautyshop,9
acnetransformation,9
ì,9
goviral,9
claymask,9
viralkbeauty,9
targetaudience,9
trendingskincare,8
ë,8
skinbarrier,8
morningskincare,8
koreantoner,8
skincareasmr,8
cleansing,8
texturedskin,8
skincarereview,8
spf,8
skincarehacks,8
anuaskincare,8
pinkskincare,8
numbuzin,8
makeuphacks,8
kmakeup,8
greenscreen,8
viralkoreanskincare,8
axisy,8
cbeauty,8
fypage,8
lipgloss,8
peripera,7
review,7
haul,7
nightskincareroutine,7
tiktokshop,7
maquillaje,7
rejuall,7
reedleshot,7
cushionfoundation,7
unboxing,7
skincareroutines,7
niacinamide,7
parati,7
acnetips,7
salmondna,7
anuacleansingoil,7
foryourpage,7
koreanskin,7
hwahae,7
poreminimizer,7
flowerknows,7
lipcombo,7
snailmucin,7
healthyskin,7
naturalmakeup,7
cleanser,7
vlog,7
koreanglassskin,7
ampoule,7
innisfree,7
beanessence,7
homeremedy,7
stylekorean,7
wrinkles,7
brightskin,7
minivlog,7
clearskintips,7
skincaretip,7
dewyskin,7
makeuphaul,7
laneige,6
oilcleanser,6
doublecleanse,6
kbeautyreview,6
skintips,6
glowingskinatanyage,6
liptint,6
koreanfacemask,6
realfood,6
acneprone,6
tirtir,6
porecare,6
love,6
darkspot,6
seoul,6
affordableskincare,6
mochicleanser,6
glowskin,6
schoolmakeup,6
hydration,6
jumiso,6
dalba,6
koreanpharmacy,6
blackheads,6
centellaasiatica,6
bodycare,6
blowthisup,6
koreanbeautyproducts,6
cute,6
nighttimeskincare,6
dasique,6
xybca,6
morningskincareroutine,6
riceskincare,6
tonerpad,6
whitening,6
aespa,5
koreanbeautytips,5
ulzzang,5
koreanbeautytrends,5
sheetmask,5
unleashia,5
cosmetics,5
í,5
makeuptransformation,5
beautiful,5
honestreview,5
pr,5
skinprep,5
skinglow,5
skincarekorea,5
pickleflipflops,5
ratingskincare,5
glittermakeup,5
moots,5
retinolskincare,5
hyaluronicacid,5
medicubepartner,5
makeupreview,5
anuadarkspotserum,5
beautyroutine,5
clio,5
glowingskincare,5
haircareroutine,5
blackgirl,5
pigmentation,5
pdrncream,5
beautyproducts,5
microneedling,5
diyskincare,5
ugc,5
beplain,5
idolskincare,5
iunik,5
mediheal,5
skincarecommunity,5
skintransformation,5
skincaretok,5
viralmakeup,5
biodance,5
ñ,5
esthetician,5
ricewater,5
manyo,5
heveblue,5
eqqualberry,5
mixsoonbeanessence,5
vtcosmetics,5
mask,5
kbeautytok,5
fypã£ââ·ã£ââviral,5
getreadywithme,5
redness,5
hydratedskin,5
getunreadywithme,5
nighttimeskincareroutine,5
diy,5
aou,5
makeupproducts,5
boj,5
songofskin,4
stylekorean_global,4
shoujo,4
retinolserum,4
kpopidolmakeup,4
handcare,4
blush,4
tipsaccount,4
medicubeskincare,4
makeupbase,4
glowrecipe,4
pielgrasa,4
stylevana,4
cuidadodelapiel,4
skincarethatworks,4
azelaicacid,4
pielseca,4
cleangirl,4
jiyu,4
recommendations,4
homeremedies,4
popularskincare,4
monolid,4
koreancosmetics,4
joke,4
345cream,4
foryoupageofficiall,4
backtoschool,4
nighttimeroutine,4
glassskincare,4
fypã£ââ·ã£ââ,4
marshallsfinds,4
kbeautybestsellers,4
anuadarkspotcorrectingserum,4
koreanstyle,4
koreaskincare,4
serumviral,4
matureskin,4
anuaazelaicacidserum,4
lipcare,4
glasskin,4
shorts,4
beplainskindetox,4
skincareessentials,4
tiktokshoprestock,4
porecleansing,4
serums,4
asian,4
isntree,4
nacific,4
rice,4
anuatoner,4
amazonmusthaves,4
ultabeauty,4
coquette,4
enhypen,4
fully,4
over60andfabulous,4
snature,4
costcofinds,4
rosacea,4
essence,4
pore,4
corea,4
sephora,4
oliveyoungkorea,4
kbeautysecrets,4
botox,4
glowy,4
oliveyoungglobal,4
yesstylehaul,4
innerbeauty,4
retinalserum,4
inaweek,4
concealer,4
koreanserum,4
facial,4
viralproducts,4
glutathione,4
ulta,4
bestskincare,4
asmrsounds,4
skincarehaul,4
kdrama,4
toners,4
tiktokshopfinds,4
girl,4
everydaymakeup,4
cutemakeup,4
ksecretglowchallenge,4
fyppppppppppppppppppppppp,4
asmrskincare,4
sunscreenviral,3
puritoseoul,3
amazonprime,3
parnell,3
microinfluencer,3
koreanmom,3
makeuplook,3
fashion,3
yesstylecode,3
vitamincserum,3
koreanliptint,3
glowyskincare,3
jamescorea,3
overnightserum,3
cleanbeauty,3
yesstylereview,3
cleansers,3
eyeliner,3
eyemakeup,3
beforeandafter,3
itgirl,3
olivekollection,3
chinesemakeup,3
blackpink,3
somebymi,3
monolidmakeup,3
gothmakeup,3
girlhood,3
colorgram,3
pcalm,3
iunikbetaglucan,3
thefaceshop,3
xuhuong,3
koreanfacial,3
1,3
ricewaterbright,3
pielmixta,3
nomakeupmakeup,3
gelcream,3
ãªâ²âã«â âã«ââã¬ââã«â¯â¸,3
illit,3
koreanmoisturizers,3
skin1004retinol,3
aestheticvideos,3
aginggracefully,3
rutinadeskincare,3
koreamakeup,3
torridenpartner,3
darkspotserum,3
primer,3
pinterestaesthetic,3
judydoll,3
coreana,3
koreanskincareproduct,3
goodal,3
aprilskin,3
liptints,3
koreanstyles,3
naturalremedy,3
sokoglam,3
dailymakeup,3
capsulecream,3
bubblemask,3
bumpyskin,3
hygiene,3
selfcareroutine,3
makeupinspo,3
softglam,3
bestkoreanskincare,3
grwmmakeup,3
heartsforkbeauty,3
costco,3
pinkstick,3
makeupfavorites,3
eyecream,3
skinfluencer,3
giveaway,3
rutinacoreana,3
boosterpro,3
scrub,3
skincarecorãâ©en,3
whattobuyinkorea,3
viralcream,3
dealsforyoudays,3
girls,3
enlargedpores,3
glowcream,3
blackfriday,3
koreanmoisturizer,3
koreancleanser,3
falldealsforyou,3
puddingpot,3
oliveyoungaffiliate,3
hyaluronicacidserum,3
popularkbeauty,3
viralmoisturizer,3
skin1004partner,3
beautycorãâ©enne,3
pielsana,3
beeashbeauty,3
beautyvlogger,3
finelinesandwrinkles,3
moodylenses,3
skincareover60,3
cushion,3
dalbasprayserum,3
koreanproducts,3
centellian24,3
hydratingskincare,3
sungbooneditor,3
koreanmakeuplook,3
makeuptipstiktok,3
tiktokshopproducts,3
kahi,3
youtubeshorts,3
cosmatic,3
aestura,3
thefaceshoppartner,3
guthealth,3
southkorea,3
lifting,3
whiteheads,3
skincareinfluencer,3
exfoliate,3
skincarefavorites,3
veganmucin,3
sebaceousfilaments,3
hollywoodberny,3
girlythings,3
dermatologist,3
shoppinghaul,3
life,3
edit,3
thatgirl,3
ðºð¾ñ,3
combinationskin,3
lipstick,3
hera,3
fypp,3
ricemochicleanser,3
summerskincare,3
antiagingtips,3
dralthea345cream,3
eyeshadow,3
model,3
kskincareproducts,3
foodology,3
ã­ââ¼ã«â¶âãªâ´âã«â¦â¬,3
acneproneskincare,3
greenscreenvideo,3
clearsintips,3
skincaretransformation,3
feetcare,3
skin1004ampoule,3
skinwhitening,3
totkay,3
pinkaesthetic,3
viralbeauty,3
whiteningcream,3
whiteninglotion,3
whiteningserum,3
whiteningskin,3
girly,3
formulacream,3
whiteningtips,3
peptide,3
singlesinferno,3
goclamdep,3
naturalskincare,3
clearskinroutine,3
sunstick,3
cleardea,3
depuff,3
fypã£ââ·ã£ââviralã°âââ¤tiktok,3
sadoer,3
amuse,3
moots?,3
girlthings,3
blowup,3
viraltiktok,3
dryskincare,3
pedicure,3
whiteningsoap,3
italypeople,3
fullbodywhitening,3
menskincare,3
maryamsworld,3
mixsoonpartner,3
manicurepedicure,3
menicure,3
growth,3
fypã¡â»â³,3
music,3
formulawhiteningcream,3
fypppppppppppppppppppppppp,3
theordinary,2
pinksalt,2
amusemakeup,2
lymphaticdrainage,2
kbeautylovers,2
reviveeyeserum,2
eyelidglue,2
whippedcleanser,2
anuaambassador,2
skincarejourney,2
naturalbeauty,2
espaãâ±ol,2
hoodedeyelidcheck,2
makeupremover,2
ãªâ²âã¬ââ¸ã«â âã«ââã¬ââã«â¯â¸,2
pdrneyepatch,2
yesstyleinfluencer,2
hoodedeyelidmakeup,2
hoodedeyelidproblems,2
koreanmakeuptrend,2
beautyonabudget,2
mensskincare,2
whiteampoule,2
dryness,2
koreabeauty,2
pumpkingumcleanser,2
aging,2
creatorpicks,2
lippies,2
jiyutonerpads,2
saekdong,2
wonyoungismskincare,2
hoodedeyelidtape,2
rutinadenoche,2
softgirl,2
hoodedeyelidsprobs,2
stepbystep,2
over50,2
mugwortmask,2
ultaskintok,2
betaglucan,2
tonebrightening,2
whatsinmypouch,2
koreanmakeupproducts,2
asianeyelid,2
eyelidgluetutorial,2
jellyskin,2
wellness,2
doubleeyelidchallenge,2
doubleeyelidtape,2
eyelidglueproblem,2
cleanskincare,2
doubleeyelidmakeup,2
panthenolcream,2
skinbarrierrepair,2
doubleeyelids,2
eyelidgluehacks,2
momanddaughter,2
nyc,2
eyelidproblems,2
pielsensible,2
cosrxsnailessence,2
doubleeyelidstickers,2
beautyofjoseonserum,2
skincarerevolution,2
3d,2
iunikpartner,2
jeffreestar,2
hoodedeyelid,2
correctordertoapplyskincare,2
porelessskin,2
glowing,2
eyelidtapetutorial,2
skincareclinic,2
eyelidtape,2
douyinmakeuptrend,2
lifestyle,2
banilaco,2
cysticacne,2
asianskincare,2
ð¼ð,2
relationshipadvice,2
makeupkorea,2
cooltone,2
etudehouse,2
learnontiktok,2
baseroutine,2
mymakeuptype,2
productreview,2
lilybyred,2
lippie,2
lippencil,2
kbeautytutorial,2
kbeautyrecommends,2
skintreatment,2
porecleanser,2
bbcream,2
hairtok,2
riman,2
sawako,2
aegyosalmakeup,2
oliveyoungsale,2
dove,2
brighteningskincare,2
vtreedleshot,2
douyinmakeupinspired,2
ê³,2
brmud,2
koreablogger,2
koreanmakeup01,2
ã«â©âã¬ââ´ã­ââ¬ã¬ââ,2
koreanmakeuptips,2
musthaveproducts,2
skincareproduct,2
pielbonita,2
lipandcheek,2
fweepuddingpot,2
tiktokshopfindsfyp,2
koreanskincarehacks,2
peeloffmask,2
500kviews,2
ive,2
eoskbeautyshop,2
makeupcollection,2
tiktokmyanmar,2
trendingtiktok,2
ã¡ââã¡ââ®ã¡ââã¡ââã¡ââºã¡ââã¡ââ¯ã¡ââã¡ââºã¡ââã¡ââ±ã¡ââ¬ã¡ââ·fypã¡ââã¡ââ±ã¡ââ«ã¡ââºã¡ââã¡ââ±ã¡ââ¬ã¡ââã¡ââºã¡ââã¡ââ»ã¡ââã¡ââºã¡ââã¡ââã¡ââº,2
ã¡ââã¡ââ¼ã¡ââã¡ââºã¡ââã¡ââ«ã¡ââã¡ââ»ã¡ââ¬ã¡ââ¸ã¡ââã¡ââ®ã¡ââ¸ã¡ââã¡ââ»ã¡ââã¡ââºã¡ââã¡ââ»ã¡ââ½ã¡ââã¡ââºã¡ââ¸ã¡ââã¡ââã¡ââºã¡ââ¡ã¡ââ±ã¡ââ¬ã¡ââã¡ââºã¡ââã¡ââ­ã¡ââ¯ã¡ââ·ã°ââ¤âã°âââ¤,2
koreanbridemakeup,2
ningning,2
facetoner,2
notsponsored,2
glowupwithbel,2
30days,2
amazonskincare,2
ad,2
tjmaxxfinds,2
huongdanmakeup,2
koreanbeautystandards,2
koreanbeautyproduct,2
bgserum,2
guasha,2
tiktokbeauty,2
illiyoon,2
acneskincareroutine,2
kahimultibalm,2
salmonpdrn,2
hormonalacne,2
darkspotremover,2
skincareproductsmusthave,2
pinterestgirl,2
sebum,2
jungkook,2
microneedlingface,2
yesstylemakeup,2
selflove,2
mensbeauty,2
fashiontiktok,2
koreatravel,2
rejuvenex,2
walmart,2
anuaricemask,2
skinflooding,2
glowmakeup,2
jawline,2
streetweartiktok,2
kidol,2
leesian,2
holygrail,2
kidols,2
skin1004sunserum,2
skincarevideo,2
blackfridayshopping,2
anuasunscreen,2
marshalls,2
damagedskinbarrier,2
shortvideo,2
video,2
glossylips,2
skintexture,2
delphyr,2
collagenserum,2
madecacream,2
costcomusthaves,2
costcodeals,2
elroel,2
gwrm,2
rednessrelief,2
txaserum,2
ã¬â¶âã¬â²â,2
filtercleanser,2
whitecast,2
zerocast,2
greentomato,2
jennie,2
claymaskcleanser,2
kangyan,2
vit,2
affordable,2
mugwort,2
walnutcleanser,2
torridendivein,2
brighteningserum,2
skincareugc,2
sebaceousfilament,2
10minmakeup,2
koreantrends,2
skincarecorea,2
songjia,2
thatgirlaesthetic,2
ugccontentcreator,2
japan,2
instantglow,2
ytshorts,2
wrappingmask,2
glowingskinroutine,2
drg,2
frecklesremoval,2
monolideyes,2
ttsacl,2
purecleansingoil,2
darkspottreatment,2
originserum,2
manchas,2
ateez,2
basemakeup,2
mlbb8th,2
yesstylealgeria,2
popularproductsinkorea,2
school,2
rating,2
kbeautyhacks,2
bestsellers,2
new,2
barrierrepair,2
glowbooster,2
eqqualberrypartner,2
ricetoner,2
best,2
skincarerrecommendation,2
koreanskincareroutines,2
tariffs,2
showerroutine,2
xyzcba,2
beginners,2
softmakeup,2
madeinkorea,2
cica,2
oceane,2
sanrio,2
base,2
explorepage,2
makeupchallenge,2
cooltonemakeup,2
à¹,2
overnight,2
blackhead,2
cleansingproducts,2
kpopidol,2
foryour,2
cosrxpartner,2
erborian,2
forupage,2
darkelbows,2
houseofhur,2
soosulphofficial,2
essentials,2
oliveyounghaul,2
comboskincare,2
melasmaskincare,2
10stepskincare,2
goviralwithskin1004challenge,2
skincarekorean,2
skincareset,2
345,2
challenge,2
peptideserum,2
fyyyyyyyyyyyyyyyy,2
ongredients,2
ã°âââ°ã°âââ·,2
agingbackwards,2
kbeautyfaves,2
antiaging101,2
poreless,2
serumrecommendation,2
liquidblush,2
10stepskoreanskincareroutine,2
koreanmask,2
skincupid,2
heimish,2
pielmadura,2
antiarrugas,2
antiage,2
viralvideos,2
mascara,2
lipbalm,2
skinjuice,2
skinfood,2
soonjung,2
hylauronicacid,2
flowerknowsmakeup,2
skincarehack,2
glassskinroutinewithmixsoon,2
no9,2
niacinamideserum,2
skincareroutinetips,2
smoothskin,2
grwmaesthetic,2
winterskincare,2
weightloss,2
teenagerskincare,2
videodiary,2
soothing,2
mukbang,2
healthy,2
brightenskin,2
skinbrightning,2
dailyskincare,2
smallbusiness,2
idolglowup,2
rarebeauty,2
oilydehydratedskin,2
skincaresecrets,2
pinkpilatesprincess,2
f,2
tiktokshopbacktoschool,2
nightskincare,2
rejuran,2
koreanproduct,2
tiktokviral,2
summer,2
routines,2
koreatrip,2
medicubeboosterpro,2
coreanskincare,2
tiktokshopblackfriday,2
tiktokshopsummerturnup,2
tiktokshoplabordaysale,2
etude,2
makeuphack,2
skinrepair,2
cmakeup,2
pigmentationcare,2
warmtonemakeup,2
greentomatoclaymask,2
sensitiveskincare,2
madagascar,2
bodycareroutine,2
amazondeals,2
koreancleansers,2
mungbean,2
blackgirlmakeup,2
wonhee,2
labinnature,2
spicule,2
spiculeampoule,2
orien,2
pimple,2
dearklairs,2
koreanskincaremusthaves,2
koreanskincarereview,2
makeuptut,2
panthenol,2
koreaskincareproducts,2
teca,2
amazonshopping,2
lip,2
lipmakeup,2
ricejammask,2
newskincare,2
tonymoly,2
influencer,2
newkoreanskincare,2
siotricejammask,2
glass,2
poreserum,2
myfavretinal,2
hydratingmask,2
mirrorskin,2
acneserum,2
skin1004cleansingoil,2
kopher,2
kbeautyinfluencer,2
koreanhaircare,2
koreantiktok,2
satisfying,2
siot,2
fation,2
makeupforever,2
dicas,2
cleansingbalm,2
agefilter,2
singleeyelidchange,2
aestheticmakeup,2
bobacream,2
glowymakeup,2
remedy,2
coquetteaesthetic,2
pourtoi,2
skinbooster,2
pele,2
dullskin,2
singleeyelidproblem,2
smoothmakeupbase,2
koreangirls,2
singleeyelid,2
arenciapartner,2
eyelinertutorial,2
koreanskincarereccomendations,2
bridalmakeup,2
singleeyelids,2
singleeyelidmakeup,2
jungsaemmool,2
06,2
abg,2
poretreatment,1
cozytok,1
numbuzinsquad,1
selfcaretiktok,1
relax,1
digitaldiary,1
men,1
mindset,1
satisfyingsounds,1
hyalluronicacidserum,1
vibe,1
pinkskincareroutine,1
pmskincare,1
amazonfavorites,1
skintik,1
asmrtingles,1
mindsetmotivation,1
motivation,1
gentlecleanser,1
innovativebeauty,1
asmrskincareroutine,1
bow,1
waterproof,1
fixwithblue,1
skincareover40,1
beginnerskincare,1
skincarefyp,1
amazonprimeday,1
fashioninspo,1
pigmentedlips,1
springsale,1
longervideos,1
txt_official_bighit,1
txt_bighit_official,1
bluebioretionl,1
tipsformen,1
hygieneessentials,1
hormonalbreakout,1
luvum,1
tipsforguys,1
skincaressentials,1
hugepores,1
soobintxt,1
soobinhoangson,1
no3retinolserum,1
kbeautystore,1
soobinedit,1
mensroutine,1
anazon,1
glitter,1
normalskin,1
skincareroutineorder,1
top10,1
kbeautyresults,1
cccreme,1
anuanewarrivals,1
koreanskincareresults,1
skincarefood,1
kbeautyresultsqueen,1
beautyfood,1
chickenskin,1
handcareroutine,1
glowups,1
commonlabs,1
7dayschallenge,1
345reliefcream,1
blackgirlskincare,1
bestskincareproducts,1
isavlogxs,1
haruharuwonder,1
tjmaxxskincarefinds,1
babyskin,1
weekendreset,1
browpencil,1
retinoljuice,1
carrotjuice,1
medihealpartner,1
inflamedacne,1
seoulvlog,1
skincareaddict,1
cosmeticjolse,1
cleansingfoam,1
momsoftiktok,1
ricecleanser,1
facialpuffiness,1
puffyeyes,1
peptideeyepatches,1
facialswelling,1
virall,1
lonneluvsu,1
idolwater,1
lymphaticdrainagemassage,1
ongredientpartner,1
skincarereviews,1
coxirpartner,1
blushhack,1
drunkelephant,1
creamy,1
blackheadremoval,1
skincareorder,1
facespray,1
sunscreens,1
nightskin,1
correctorderofskincare,1
skincareforkids,1
makeuptok,1
roundlabpartner,1
skincareeducation,1
orderofskincare,1
korean10stepskincareroutine,1
welovetosmile,1
blushtutorial,1
glassskintips,1
easycare,1
forehead,1
trendingvideo,1
rotina,1
lgbeautypartner,1
3danalysis,1
pky,1
skincarebestseller,1
modelingmasks,1
undertone,1
silkfacemask,1
luminousplume,1
mixsoonhyaluronicacid,1
exfoliateyourskin,1
kbeautyforacne,1
skincareingredients,1
koreantechnology,1
customskincare,1
darkcircles,1
brandday,1
customfacial,1
beautytreatment,1
noporecloggers,1
skincarerecommendation,1
america,1
patrickta,1
facialmassage,1
starfacepimplepatches,1
disney,1
hevebluepartner,1
estherformula,1
starface,1
stitch,1
skincaremusthaves,1
wcosmetics,1
physicalsunscreen,1
bubble,1
kosassunscreen,1
hmart,1
kosascosmetics,1
milktouch,1
skinproducts,1
bestofkbeauty,1
lipproducts,1
kosas,1
soosulpluggedin,1
starfacepimplepatchesreview,1
bestskincarebrands,1
viralskincareproducts,1
wonyoungmotivation,1
baesuzy,1
koreanactors,1
skincaremen,1
koreanskincareblackgirl,1
oilcleansing,1
collab,1
oganacell,1
milkskin,1
freezia,1
free,1
shrinkpores,1
eatyourskincare,1
stopdoingthis,1
pluggedin,1
clearacnefast,1
dearzia,1
makeuprecomendation,1
obsessedwithpink,1
kangyewon,1
nosetape,1
fermentedsoybean,1
multimasking,1
corsx,1
kidolskin,1
brmudpartner,1
homemadeskincare,1
kiokii,1
ksecretretinalserum,1
finelines,1
manyopartner,1
korean7layeringmethod,1
tinybumps,1
recipes,1
soojong,1
antiwrinkle,1
naturalremedies,1
recipe,1
beancleansingoil,1
anuaserum,1
7layermethod,1
wholesale,1
liquidblusher,1
t,1
glowrecipewatermelonglow,1
skincaretipse,1
glowrecipeserum,1
torridensephora,1
lvrheartchew,1
glowcleanser,1
glowrecipeproducts,1
skincaretipsforyou,1
glowrecipedewdrops,1
ukskincareips,1
anuatoner77,1
lifehacks,1
skinexfoliation,1
ukskincareroutine,1
supplier,1
somalitiktok,1
narrator,1
lippigmentation,1
koreanfacialpads,1
meow,1
milkytoner,1
mymelody,1
guwrm,1
ugcideas,1
skintific,1
softhands,1
slowaging,1
facialpads,1
btsskincare,1
skincare2024,1
bodycareproducts,1
pinklips,1
mixonmethod,1
skincaremyanmar,1
softskin,1
skincareholic,1
instock,1
breakout,1
anuaniacinamide,1
anuaretinol,1
slimhands,1
summerfridays,1
bojmilktoner,1
kpopidolskincare,1
teambouncy,1
sunprotection,1
glasskincaroutine,1
medstudent,1
unevenskin,1
simpleskincareroutine,1
modelbeauty,1
nepalitiktok,1
uk,1
normalskincareroutine,1
affordablemakeup,1
makeuponabudget,1
nepali,1
routinecare,1
foryoupag,1
poros,1
reviewskincare,1
skincarefordryskin,1
closedcomedone,1
closedcomedones,1
original,1
ethiopian_tik_tok,1
skincarefavourites,1
skincycling,1
ricepack,1
freepalestine,1
beautyhack,1
vaseline,1
skincarecoreana,1
winterbeautytips,1
martulis,1
healthyrecipes,1
wonyaccount,1
btsmembers,1
btsmembership,1
peachandlilypartner,1
sulwhasoo,1
bestbeautybuy,1
nida,1
guide,1
manyobifida,1
middleschool,1
cheap,1
skincaregirlies,1
dearlychu8,1
bumpychin,1
ramadan2025,1
manyofactory,1
tosowoong,1
oliveyoungawards,1
top10skincare,1
beginnersskincare,1
yesstylepartner,1
estheticianskincare,1
theitgirl,1
beautyreview,1
glowupwithretinalchallenge,1
newjeansmakeup,1
malaysia,1
ðºoreanmakeupâ,1
satomi,1
apt,1
beachday,1
ai,1
à,1
tipsmakeup,1
thuvienmakeup,1
dalbavn,1
dalbavietnam,1
yslbeauty,1
santamarta,1
eyeshadowtutorials,1
dollmakeup,1
lipstickrecommendations,1
beautysecrets,1
riskybeauty,1
purplegloss,1
altmakeup,1
yunjin,1
lesserafim,1
kpopfypp,1
hi,1
makeupartist,1
hannahkaemakeuptutorial,1
hannahkaemakeup,1
getreadywithmoody,1
asianeyesmakeup,1
quietlife,1
peace,1
gwrmroutines,1
eyelashes,1
dasiquecushion,1
eyemoodycontacts,1
koreanmakeupondarkskin,1
howtoapplymakeup,1
growingupblack,1
beingablackwoman,1
acceptingyourself,1
igarimakeup,1
style,1
korelens,1
geleyeliner,1
dewymakeup,1
mydemon,1
kimyoojung,1
dodohee,1
koreanmukbang,1
ng,1
tutorials,1
oudo,1
natural,1
kitts,1
momosworkshop,1
canmake,1
bambiliah,1
veganbeauty,1
jangwonyoung,1
cheektoktok,1
makeupartists,1
kpopmakeover,1
springmakeup,1
asmrmakeup,1
heart,1
mkp,1
vampire,1
wonheemakeup,1
xeebey,1
douyinmakeuptutorial,1
nayeonmakeup,1
makeupguide,1
koreanlookmakeup,1
asianeyemakeup,1
morocco,1
muasurabaya,1
muasidoarjo,1
koreanthaimakeup,1
makeupclass,1
glassskinmakeup,1
ellendrilonmakeup,1
tfit,1
skinblur,1
noncakeymakeup,1
girlygirl,1
girlblog,1
nofilter,1
lashes,1
enigma,1
tiktokshopcybermonday,1
jenniekim,1
idol,1
tingles,1
sleep,1
notmyshade,1
koreanfoundation,1
y2kmakeup,1
nudemakeup,1
roseblackpink,1
bobbibrown,1
rosemakeup,1
cherrylips,1
sthk_smattasf,1
uzzlanggirl,1
koreagirl,1
kbeautyworld,1
hince,1
brilliancebyrasa,1
truebeautymakeup,1
pinkmakeup,1
retailtherapy,1
ê,1
bts,1
makeuptipsandtricks,1
5minutemakeup,1
08,1
cooltonedmakeup,1
bestfriends,1
ivekpop,1
afterlike,1
powerofmakeup,1
makeupwow,1
makeupbeforeandafter,1
cor,1
cooltoned,1
marketingstrategy,1
globalbrands,1
twice,1
idolglow,1
roses_are_rosie,1
transformation,1
makeupmeme,1
makeupunboxing,1
nyccafe,1
lips,1
lipcheek,1
feelyourmoment,1
aegyosaltutorial,1
preppyskincare,1
iu,1
roundfacemakeup,1
hanni,1
zxybca,1
relate,1
goodmakeupday,1
frecklemakeup,1
beautytrend,1
mynuthichve,1
koreamakeuptutorial,1
koreamakeuplook,1
huongdantrangdiem,1
silentgrwm,1
schoolmakeuproutine,1
wonyoungmakeup,1
holygrailproducts,1
kbeautycushion,1
brutallyhonestreview,1
beautyph,1
puddingpotambassador,1
labioscoreanos,1
periperapureblushedsunshinecheek,1
miseensceneperfectserum,1
medihealblemishpad,1
nycbeauty,1
nycevents,1
koreanfashion,1
nycfun,1
april1st,1
pmskincareroutine,1
sum37,1
beautytip,1
spicules,1
koreanskincarerecs,1
koreanretinol,1
hydratingampoule,1
brighteningampoule,1
seaweed,1
ricewine,1
koreanfood,1
kimchi,1
ginseng,1
doenjang,1
didyouknow,1
bonebroth,1
barleytea,1
sponsored,1
costcotiktok,1
hemeko,1
younghee,1
tutorialrealoreanmakeup,1
beautyvibes,1
paleskin,1
popular,1
deinfluencemywishlist,1
blowupmyphone,1
nycpopups,1
kbeautyunboxing,1
kbeautyhaul,1
cliososharp,1
cliohighglowcushion,1
humor,1
kbeautyobsessed,1
loveisland,1
stopmotion,1
mokaillit,1
wonyoungnism,1
jellisuki,1
marsyxs,1
makeuptutorialtiktok,1
thesaem,1
cliocosmetics,1
makeuprecommendations,1
sweet,1
unpacking,1
xiaohongshu,1
makeupartisttips,1
beginnermakeup,1
candyqxm,1
coreanas,1
koreanshop,1
kcosmetics,1
smallartist,1
plasticsurgerykorea,1
kbeautyjourney,1
healingjourney,1
chopsticks,1
selfcaresunday,1
lemeill,1
streetinterview,1
makeupfav,1
dailyroutine,1
grwmforschool,1
liptutorial,1
anuaheartleafquercetinolcleanser,1
skincarefridge,1
tiktokshopkbeautycollectivesale,1
kbeautycollective,1
ulzzangmakeup,1
summermakeup,1
inspo,1
plumpglowinghydrationboost,1
igari,1
organize,1
makeupforschool,1
asianamerican,1
eyemoodylenses,1
speakingkorean,1
morningroutinevlog,1
undereyeblush,1
blushtechnique,1
creamblush,1
studentmakeup,1
strawberrymilk,1
ddalgimiilk,1
xiaohongshumakeup,1
students,1
romantasizeyourlife,1
goviralgo,1
asmrmakeupapplication,1
schoolmorning,1
morningvlog,1
mimiaawshoppe,1
kfashion,1
tiktoksg,1
gangnam,1
soosulproducts,1
soosulkoreanproducts,1
wheretoshop,1
skincaresteps,1
ricecream,1
soothingserum,1
puritopartner,1
koreancentella,1
contactdermatitis,1
centellaserum,1
skincaregrwm,1
modeltiktok,1
modelskincare,1
inflightskincare,1
medicubetonerpads,1
naturalskin,1
koreanricewater,1
kbeautyfind,1
womeninmalefields,1
manifestation,1
makeuprecommendation,1
viralserums,1
medicubecollagenjellycream,1
jellylujah,1
eoeopartners,1
eoeo,1
collagenjellycream,1
vanafamily,1
viraltoner,1
anuaofficalshop,1
aapiheritagemonth,1
smallcreatorc,1
dermatologists,1
skincaremask,1
marshmallowmask,1
cuidadofacial,1
tiktokshopsummersale,1
tiktokshopmademebuyit,1
sunscreenreview,1
manchasenlapiel,1
takecareofyou,1
advancedkoreanskin,1
derq,1
hellokitty,1
dayinmylife,1
centellacleansingoil,1
flawlessskin,1
bestproducts,1
2025skincareproducts,1
beanessense,1
snailmucincosrx,1
skincarewithreshma,1
reshmaapproved,1
makeupwithreshma,1
healthyglow,1
cosrex,1
kpopidols,1
jiasongjia,1
traveltips,1
thingstodo,1
koreatips,1
valentinesmakeup,1
reccomendation,1
koreanskincarek,1
noonilipoil,1
eyecare,1
easyskincare,1
facemassage,1
facemasks,1
lovemyself,1
kderma,1
howtouseanua,1
howtouse,1
girltok,1
arreglateconmigo,1
lionpairacnecream,1
neogen,1
miguhara,1
antiagingskincareroutine,1
skincareroutine101,1
nightcare,1
silentreview,1
suncare,1
medicubeinstructions,1
unleshia,1
lashlift,1
dfw,1
cutit,1
dollymakeup,1
bluemakeup,1
reviewlamdep,1
xh,1
cuishion,1
asianmom,1
influencersatire,1
cleansingtips,1
glowybase,1
kbeautyg,1
skintype,1
grwmskincareg,1
grwmroutinef,1
grwmk,1
glowyskincared,1
getreadywithmec,1
g,1
fypg,1
discoverunder5ks,1
creatorsg,1
contentcreatoru,1
wony,1
myskincareroutine,1
skin1004poremizing,1
poremizing,1
darkskincare,1
helpfultips,1
skincareforeveryone,1
koreanculture,1
ungatekeeping,1
strawberrylegs,1
darkarmpit,1
bodycaretips,1
diybeauty,1
vgobeauty,1
vgo,1
musthaves,1
faceserum,1
kdramas,1
chaeunwoo,1
bifida,1
galactomyces,1
skintextureserum,1
ì½,1
boyfriendmakeup,1
cosplays,1
koreaofficial,1
family,1
eyeskorean,1
glittereyeshadow,1
easymakeup,1
04,1
makeuptrends,1
fpy,1
kimjiwon,1
howtomakericemask,1
makeyourown,1
dicasdebeleza,1
nanno,1
halloween,1
corean,1
kpopkdramas,1
makeupgrwm,1
koreangrwm,1
grape,1
tsitp,1
jooshica,1
chinese,1
07,1
makeuptrend,1
satire,1
foreignerinkorea,1
softbeatmakeup,1
guymakeup,1
elegantmakeup,1
texture,1
makeupinspiration,1
nooni,1
lipoil,1
beautyinspo,1
komthipmakeup,1
toneupcream,1
menconcealer,1
makeupformen,1
koreastyle,1
koreastreetfashion,1
koreaoppa,1
koreanmen,1
dashu,1
redvelvet,1
makeuptransition,1
cosmic,1
fruits,1
recreatemakeup,1
melaninmakeup,1
brownskinmakeup,1
browngirlmakeup,1
magicglue,1
straykids,1
modelkorea,1
ð,1
kpopdemonhunters,1
tirtirfoundation,1
mujerdealtovalor,1
masfemenina,1
maquillajecoreano,1
koreanmakeupblackgirl,1
cosplaymakeup,1
#jukyung #truebeauty #makeuptrends,1
eyeshadowpalette,1
contactlenses,1
chinesemakeuplook,1
blackgirltiktok,1
real,1
meme,1
heavy,1
funny,1
cool,1
#metoosmile #makeup #makeuptutoriall #makeuptutorialvideo #eyelinerhacks #eyelinertutotrial,1
turmericmask,1
flaxseedfacemask,1
teethcare,1
30sskincare,1
skincarebag,1
cleangirlaesthetic,1
aestheticskincare,1
koreanmasks,1
speedycleansingoil,1
chinatownlondon,1
suerosfaciales,1
skincareviraltiktok,1
rutinaskincare,1
porosabiertos,1
manchitas,1
kb,1
ampouleserum,1
biodancemask,1
overhypedskincare,1
bestinkorea,1
douyinmakeuplook,1
makeuptutorialvideo,1
rednote,1
beginnersfriendly,1
eyeshadowtutorial,1
latinamakeup,1
latina,1
cosmetic,1
plumpedlips,1
juicylips,1
giselle,1
softpinkmakeup,1
romanticmakeup,1
pinkmakeuptutorial,1
koreatok,1
09,1
koreanmakeupschool,1
winter,1
xiahongshu,1
baddie,1
worstreviewedmakeupartist,1
makeupmemes,1
hooded,1
eye,1
wedding,1
bridal,1
maquillajecoreanolatinas,1
pinterest,1
parnellpartner,1
contourhidung,1
bittertype,1
bittermakeup,1
amazonbeauty,1
skincareinfusedmakeup,1
skintom,1
jin,1
oneskincare,1
discoloration,1
hawaiitiktok,1
dinto,1
smallbusinessfail,1
koreanskincarehaul,1
cheapskincare,1
whippedpartner,1
ã¬â§â,1
ã«â®â¤ã¬ââ´,1
ã«ââ¼ã«ââ¤ã¬â¦â,1
ã«ââ¤ã¬ââ¤ã¬â¿â ã¬ââ,1
mewy,1
makeupfail,1
cosmeticacoreana,1
fails,1
salmoneggs,1
salmoncaringcentellaline,1
mixsoondoublecleansing,1
mixsooncleansingoil,1
mixsooncleansingfoam,1
yadah,1
organcell,1
momskincare,1
minimizepores,1
koreanmomskincare,1
busanmom,1
bloomkare,1
spoteraser,1
iunik3xbarrier,1
jelloskin,1
exfoliante,1
irritatedskin,1
delphyrbubbletoner,1
glowupguide,1
kbeautybrands,1
ã­ââã«ââ¼ã­ââã¬ââ¤ãªâ°âã¬ââ¬eue,1
ã«ââãªâ¸âã«ââ¬ã¬ââã¬â¤â,1
eue,1
fullygreentomatoclaymask,1
flakeyskin,1
glowyskincareroutine,1
glossy,1
bestmakeup,1
largepores,1
clean,1
demaf,1
collgenpowder,1
collagenpeptides,1
yesstyleskincare,1
hugeyesstylehaul,1
imfrommugwortessence,1
genabelle,1
acwell,1
singlesinferno4,1
ã­ââ¤ã¬ââ´,1
ã«â©âã¬ââ´ã­ââ¬ã¬ââã­ââã­ââ ã«â¦â¬ã¬ââ¼,1
pielsuave,1
exfoliantefacial,1
microneeding,1
pimpleremoval,1
neckwrinkles,1
asmrvideo,1
deepcleanse,1
skincaretrends,1
truffleglow,1
dalbapartner,1
cliocushion,1
coreano,1
autocuidado,1
peelingbalm,1
makeupremoval,1
xyzbcafypã£ââ·,1
ã«ââã¬ââã­ââã­ââ°,1
triplecollagen,1
ownist,1
popularproducts,1
pimplepatch,1
tirtircushion,1
koreancushionfoundation,1
skincaremusthaves2023,1
musthaveskincareproducts2023,1
likeskin,1
nudelipcombo,1
beplainoil,1
anuaoilcleanser,1
hydrationroutine,1
hydrationheroes,1
skinglowtiktokshopcreatorpicks,1
skincaregiveaway,1
koreanproductsgiveaway,1
holybasilmask,1
primera,1
scinic,1
softymo,1
pimplepatcgremoval,1
koreankskincare,1
noncomedogenic,1
heartleaf,1
blemish,1
acnescar,1
abibcapsuleserum,1
micronlading,1
microbladinglondon,1
london,1
liptattoolondon,1
liptattoo,1
lipblushlondon,1
lipblush,1
koreanlipblush,1
koreanartist,1
woniluv,1
prhaul,1
skin1004routine,1
pinkroutine,1
vegancollagenmask,1
korilakkuma,1
kawaii,1
amroutine,1
rednessserum,1
zwonylen,1
unxflop,1
chanelbeauty,1
skingym,1
koreandermatologist,1
cocomintbeauty,1
euniunni,1
romandglastingmeltingbalm,1
kahibalm,1
antiagingroutine,1
japanesebeauty,1
honeyhairchallenge,1
honeyglasshair,1
hairshampoo,1
hairoil,1
hairgloss,1
hairconditioner,1
glasshair,1
frizzyhair,1
andhoney,1
raelpartner,1
skincarerutine,1
originalsound,1
ã¡ââã¡ââã¡ââºã¡ââã¡ââ±ã¡ââ¬ã¡ââã¡ââºã¡ââã¡ââã¡ââ±ã¡ââ¸ã¡ââã¡ââ­ã¡ââ¯ã¡ââ·ã¡ââã¡ââã¡ââ¼ã¡ââ®ã¡ââ¸ã¡ââã¡ââ±ã¡ââ¸ã¡ââã¡ââ«ã¡ââã¡ââ°ã¡ââ¸ã¡ââã¡ââ­ã¡ââ¯,1
webtoon,1
truebeauty,1
whitericetoner,1
suntirctoner,1
niacinamideglow,1
hwahaereview,1
hwahaeranking,1
hwahaefriends,1
ã¬ââ´ãªâµâ­ã¬â âã¬ââ¸ã­ââãªâ²â½,1
ã¬ââãªâµâ¬ã¬â âã­ââ,1
isaknox,1
wrinklefocus,1
believebeautycosmetics,1
dollargeneral,1
spray,1
rednessskin,1
foryourskin,1
acneproblems,1
godo,1
resultsmayvary,1
pearlpowder,1
unpopularopinion,1
skincarestruggles,1
tiktokbeautyprodcts,1
tiktokghana,1
ghtiktok,1
powderprimer,1
fweegloss,1
cherrygloss,1
3dvoluminggloss,1
timereverse,1
tightening,1
tigergrass,1
madeca,1
centellian24partner,1
pielperfecta,1
usaã°âââºã°âââ¸,1
my_viral_video_on_tiktok,1
usa_tiktok,1
lipplumper,1
yukaapp,1
ã«â¯â¸ã«ââ,1
rael,1
techneck,1
dandruff,1
september1st,1
drceuracle,1
complexion,1
glitteryeyes,1
productrecommendations,1
overlipmakeup,1
onewayglowytint,1
liptinttutorial,1
heartpercent,1
cakeymakeup,1
hairthinning,1
hairgrowthtip,1
flakyscalp,1
target,1
microneedlingathome,1
stylevana_sv,1
glutathiosome,1
contentcreationviral,1
strawberry,1
lotion,1
kwailnara,1
exfoliator,1
bodyscrub,1
babyoil,1
beautytrends,1
southafricatiktokã°âââ¿ã°âââ¦,1
satisfyingvideo,1
maskremoval,1
acnefighter,1
hydrating,1
skincaretutorial,1
skinproblem,1
microcrystalserum,1
darklips,1
ã¡ââã¡ââ«ã¡ââ·ã¡ââã¡ââ­ã¡ââ¯ã¡ââã¡ââ»ã¡ââã¡ââºã¡ââ¸ã¡ââã¡ââã¡ââºã¡ââ·ã¡ââã¡ââ­ã¡ââ¯ã¡ââ·ã¡ââã¡ââã¡ââ¼ã¡ââ­ã¡ââ¯ã¡ââ¸ã¡ââã¡ââ¬ã¡ââ¸ã¡ââã¡ââ²ã¡ââ·ã°âââ,1
milkskincare,1
milkglow,1
romanticblushlipandcheek,1
rhode,1
pastryskincare,1
mzuriskincare,1
selfcarevlog,1
fweemakeup,1
bestofbeauty,1
belif,1
aquabombeyegel,1
allure,1
ã¨â³â¼ã¥ââ¥ã¥ââã§â´â¹ã¤â»âã¥ââã§ââ»,1
ã£ââã£ââã£ââã£ââ,1
ã£ââã£ââã£ââã£ââ,1
achi,1
unicat,1
#abib #abibsunscreenstick #quicksunstick #sunblock #spf #nowhitecast #dryskin #glassskin #kbeauty #koreanskincare #sunscreenovermakeup #fyp,1
giftideas,1
hydrogeleyepatch,1
koreanliptints,1
dasique_usa,1
trauma,1
skinviral,1
kbeautygiveaway,1
overnightmask,1
collagenviral,1
kimhoinedit,1
slim,1
skinny,1
product,1
food,1
debloating,1
debloat,1
dailyvlog,1
bodytea,1
teamwork,1
videostar,1
shadowbeautykdrama,1
shadowbeauty,1
riineette,1
kimhoin,1
lynnekikie,1
kdramaedit,1
aplinpinkteatree,1
aplin,1
sunscreenboj,1
soonjung2xbarriercream,1
snailcream,1
skincarejunkie,1
yesstylebeautyreview,1
tiktokshopcreatorpick,1
exfoliation,1
deadskin,1
whatstrending,1
viralinkorea,1
vlogs,1
bayarea,1
toktokbeauty,1
herabeauty,1
itgirlmakeup,1
itgirlenergy,1
medicubepeelingpad,1
trufabrillante,1
dalbamiga,1
belleza,1
tiktokafffiliate,1
kbeautyph,1
kbeautycafe,1
freesample,1
affiliatemarketing,1
ttsrecharge,1
koreanpharmacyrecs,1
koreanpharmacyhaul,1
dominasdarkspotcorrector,1
dominascream,1
shakingserum,1
nacificpartner,1
kbeautytrend,1
bigpores,1
thewhoo,1
goldapple,1
wellage,1
toocoolforschool,1
cosnori,1
browngirl,1
sensualtintedshinestick,1
salmon,1
stylekorean10thanniversary,1
abyunleashia,1
jellymask,1
videoviral,1
tik_tok,1
seoari__4,1
dancer,1
2025,1
sungboonpartner,1
like,1
sistarbeautyhaul,1
sistarbeauty,1
melrosepark,1
beautystore,1
spf50,1
nightcareroutine,1
hydrogel,1
collagencleansingbalm,1
abibcollagenfacemask,1
pinkwonyoungism,1
glowplumpchallenge,1
flowerknowsaffiliate,1
mluvrism,1
bubblegum,1
productive,1
fpyã£ââ·,1
duet,1
tocobocleanser,1
tocobo,1
skincarebundle,1
matrixyl3000,1
darkspotcorrector,1
editingtutorial,1
tip,1
antimanchas,1
paralyzed,1
nervoussystem,1
medicubebrand,1
informative,1
health,1
facialtreatment,1
facialdevice,1
contentcreator,1
bellspalsy,1
beautycontentcreators,1
athome,1
aesthetician,1
rushtok,1
rushready,1
maclipstick,1
fallmakeup,1
makeupprep,1
koreanmaskpack,1
jellamask,1
skincaretime,1
eqqualberryserum,1
bakuchiolserum,1
bakuchiol,1
wasian,1
boba,1
asiangirl,1
arrugas,1
popularmakeup,1
discount,1
miami,1
collagenmshotampoule,1
plantsstemcell,1
ordifen,1
ulzzangkorea,1
ulzzanggirl,1
sexy,1
cutegirl,1
beautygirl,1
imfrom,1
viralvedio,1
onelayermakeup,1
mairakhan,1
hack,1
renk,1
selfcareproducts,1
itgirlaesthetic,1
newproduct,1
youghart,1
whiteningmask,1
viralreels,1
usaindian,1
urdu,1
unfreezemyacount,1
ukraine,1
ukindian,1
turkey,1
trendingvideos,1
tren,1
tomatopulp,1
tangtangmask,1
terroirbon,1
ã«ââ¼ã«â£â¨ã¬ââã«â³â¸,1
ã¬ââã«â¬â¼ã¬â¤âãªâ¸â°ã¬ââ¸ã­ââ¬,1
viralserum,1
koreanhaircaretreatment,1
growushaircare,1
viralsunscreen,1
serwaa,1
1m,1
adventcalendar,1
makeupgirl,1
makeupcreator,1
makeupaddict,1
darskinmakeup,1
beautycreator,1
qianyan,1
goth,1
girlcult,1
foundationviral,1
foundationtutorial,1
alt,1
milkthistleserum,1
milkthistlemask,1
banomilkthistle,1
banocosmetic,1
banobagipartner,1
bano,1
jumisopartner,1
thankyou,1
gift,1
tipswithsofia,1
tipsandtricks,1
swiss,1
desi,1
besanbeauty,1
bangladesh,1
almond,1
oliveyoungfinds,1
soloencorea,1
redsmoothieserum,1
productocoreano,1
pielcoreana,1
kbeautyviral,1
cosmeticoscoreanos,1
socialmediatipsandtricks,1
socialmediamarketing,1
koreanskincarebrand,1
koreanmakeupbrand,1
koreanbrandcollabs,1
influencertips,1
influencermarketing,1
influencercollab,1
contentstrategytips,1
contentcreationtips,1
bazzaalupdate,1
bazzaal,1
dalbasunscreen,1
ugcukcreator,1
ugcuk,1
ugccreator,1
thatgirlroutine,1
denmark,1
dubai,1
spain,1
europe,1
sofiafromgermany,1
sofia,1
romania,1
riceflour,1
qatar,1
potatojuice,1
pakistan,1
obtanmask,1
norway,1
nepal,1
natutalremedies,1
kuwait,1
itlaypunjabi,1
ireland,1
instantwhitening,1
instant,1
india,1
hindi,1
glowingskincareroutine,1
germany,1
france,1
foryoupageã¢ââ¤ã¯â¸âã¢ââ¤ã¯â¸â,1
fory,1
foruyou,1
foru,1
fffffffffffyyyyyyyyyyypppppppppppp,1
fff,1
spraytoner,1
tonerrecommendation,1
weeklyskincare,1
ã­ââ¼ã«â¶âã¬â¢âã¬ââã¬â§âã«ââã«â²â,1
magnetic,1
blackheadsremoval,1
underarmswhitening,1
underarmskincare,1
pigmentationtreatment,1
darkunderarms,1
darkspotcare,1
blackfridaydeals,1
bfcm,1
aloevera,1
reedle,1
redreedle,1
bloodyreedle,1
greentomatocleanser,1
quia,1
fullypartner,1
fullygreentomatoclaymaskcleanser,1
fullygreentomato,1
pharmacyfind,1
ã«ââã«â³â´ãªâ¸â°ã¬ââãªâ²â½,1
sadoerproduct,1
txa,1
littlegirl,1
kglow,1
kglassskin,1
emeldaloveskincare,1
whichcleanser,1
abibserum,1
roundlabs,1
aclararlapiel,1
eveningskincare,1
stylekoreanpartner,1
reviews,1
ranking,1
koreanskincareapp,1
bestselling,1
2024,1
vitminc,1
sadoerskincareset,1
foryourpagetiktok,1
pdrnserum,1
anuapdrnserum,1
anuapdrncream,1
natureclass,1
rundontwalk,1
costcowholesale,1
costcohaul,1
products,1
marshallskoreanskincare,1
marshallshaul,1
shopicons,1
goldenbobacream,1
goldenboba,1
glassglowdevice,1
psoriasis,1
mascarilla,1
eczema,1
colageno,1
skinanalysis,1
unfrezzmyaccount,1
nightwrappingmask,1
koreaserum,1
incellderm,1
kyliejenner,1
buyontiktokshop,1
anuazerocastsunscreen,1
poretightening,1
realskinrealresults,1
authentickbeauty,1
bgcream,1
ultamusthaves,1
helpful,1
trendingkbeauty,1
koreanhair,1
kbeautysale,1
richkidz,1
icd,1
jellycream,1
kangshining,1
foundationfree,1
daera,1
unbox,1
stylekorea,1
dallastx,1
nightroutineskincare,1
derm,1
collagenwrap,1
medicubetiktokshop,1
dontflop,1
seoulsouvenir,1
pdrntoner,1
kyliejennerdevice,1
medicubedevice,1
medicubepdrn,1
kbeauty2050,1
ãâºãâ¾ãâãâµãâ¹ãâãâºãâ¸ãâ¹ãâ¼ãâ°ãâºãâ¸ãâãâ¶,1
77yrsold,1
skincarestarterpacks,1
moisturizercream,1
koreansunscreens,1
beginnerfriendly,1
porepack,1
nadinaioana,1
modellingmask,1
asmrbelleza,1
asmrbeauty,1
ã­ââã¬ââ¥ã¬â âã­ââ,1
youngmom,1
anua_ys,1
anua_yesstyle,1
wrinkle101,1
plump,1
prettygirl,1
momlife,1
acneover30,1
tamburins,1
glowishere,1
anaze,1
kidolmakeup,1
fromis9,1
medicalaesthetics,1
koreanskincareview,1
skincareapp,1
collgen,1
redsoo,1
peachslices,1
tiktokshopnewarrivals,1
koreanskincare101,1
holygrails,1
tsfpartner,1
cvshaul,1
cvsbeauty,1
grasskin,1
i,1
abi,1
glowskincaretips,1
chillday,1
peachserum,1
koreahaul,1
beautyadvisor,1
popularskincareproducts,1
prpackage,1
zyxcba,1
zycxba,1
kcosmetic,1
cluciel,1
acnemarks,1
vt,1
skinroutine,1
millimilli,1
mediheel,1
koreancismetics,1
draltea,1
beplsin,1
naturalmakeuplook,1
skinlikefinish,1
skintint,1
beach,1
brighteningcream,1
missha,1
toronto,1
juicylastingtint,1
gowishere,1
mentalitycore,1
mentality,1
sadoervitaminc,1
summercleanser,1
orienmugwortcleanser,1
mugwortcleanser,1
bha,1
popularinkorea,1
moisturizers,1
pcalmpartner,1
skinhacks,1
elbows,1
darkknees,1
darkarmpits,1
skincarefav,1
kbeautyonline,1
mizon,1
oilcleansers,1
mamonde,1
koreanviralitems,1
simpleskincare,1
shoppinginkorea,1
tiktokskincareroutine,1
tiktokskincare,1
sooboojiskintype,1
naturalbeautyproducts,1
sunscreenfordarkskin,1
sunscreenforblackpeople,1
nowhitecast,1
blackgirlsunscreen,1
marymay,1
koreanskincareglassskin,1
glassskinlook,1
creamskintoner,1
creamessence,1
beautyofjoseonsunscreen,1
needly,1
koreantoners,1
koreanskinproducts,1
koreanricemask,1
koreanboy,1
sunserum,1
glassskinserum,1
blacktiktok,1
blackskincareroutine,1
salmonskincare,1
koreanskjn,1
2024skincare,1
koreanglidingtexture,1
glidingscale,1
cosrxdermskincare,1
ceramidemoisturizer,1
200hourmoisturizing,1
sunscreenwhitecast,1
kbeautycommunity,1
soobooji,1
kbeautyfavorites,1
oatincalminggelcream,1
comboskin,1
porecleanse,1
plumpskin,1
iunikbgserum,1
dryskintips,1
dehydrated,1
porethera,1
meditherapy,1
ã¬ââ¬ã«ââã«â¦âãªâ´âã«â¦â¬,1
ã«â¶âãªâ¸â°ã«â¹â¼ã«ââã«â²â,1
ã«â¶âãªâ¸â°ãªâ´âã«â¦â¬,1
ampoul,1
chelseasvanity,1
crush,1
dollartreeskincare,1
dollartree,1
pharmacyfinds,1
egf,1
girltherapy,1
microinfluencertiktok,1
hangover,1
jjustinchung,1
soothingskincare,1
cicareedleshot,1
calmingskincare,1
koreanbeautygoals,1
oliveyoungmustbuy,1
koreamustbuy,1
illiyoonpartner,1
koreanskincareforbeginner,1
glassskinsecret,1
diveinserum,1
diveinrefillserum,1
gianttonerpads,1
pinkampoule,1
hyperpigmentaiton,1
gratis,1
pimples,1
estheticiantiktok,1
helloevee1,1
trilingual,1
spanish,1
skincarekits,1
ginsengmask,1
pieldeporcelana,1
trendingbeauty,1
founditonamazon,1
koreancare,1
koran,1
goup,1
foyyyyyyyyyyyyyyy,1
foyyoupage,1
foyy,1
vegansnailmucin,1
skincareroutineforbeginners,1
rutinademaãâ±ana,1
rutinadebelleza,1
publicidad,1
skincareglowup,1
fasafe,1
fungalacnesafeskincare,1
fungalacneskincare,1
kbeautyonabudget,1
dollartreefinds,1
dollartreebestie,1
rejuallpdrn,1
rejuallpartner,1
rejuallcream,1
glassskingoals,1
drrejuall,1
agingskincare,1
bye,1
slincare,1
physicianassistant,1
pa,1
glasssskin,1
dermpa,1
dermatology,1
skin1004centella,1
darkspotstreatment,1
thenimetyouskincare,1
dokdotoner,1
naturalrecipes,1
glaasskin,1
acnetreatments,1
gurwmskincare,1
skincareideas,1
glassglowskin,1
fungalacnetips,1
pielsaludable,1
pielacneica,1
kbeautyroutne,1
ilso,1
jiyuskincare,1
giftguide,1
laneige_partner,1
goviralwithskin1004challange,1
aleesiafurragi,1
tirtirmilktoner,1
koreanskincareforbegginer,1
imfromrice,1
anuamildcleansingoil,1
glowserum,1
vtreedleshotreview,1
beplainmungbean,1
skincarefavs,1
varihope,1
porewashday,1
8daysvitamincserum,1
itchyskin,1
skinjourney,1
skinbreakout,1
skinhealth,1
seoultravel,1
healing,1
cozyrooms,1
periodacne,1
period,1
adultacne,1
hayejin,1
ã¬ââ¼ã«â¦â¬ã¬ââ¤,1
mustbuy,1
musthave,1
shoplocallymade,1
spotlightfinds,1
doublecleansingroutine,1
koreanspf,1
overnightcream,1
newkbeauty,1
latestskincare,1
mudmask,1
good,1
ã¬ââã¬ââ´ã¬ââ¼ã¬ââ¤ã­ââ¼ã«ââ,1
ã¬ââ¤ã­ââ¨ã¬â¼âã¬ââ´ã«â£â¨ã­ââ´,1
ã¬ââ¤ã­ââ¨ã¬â¼âã¬ââ´,1
ishowspeedclipz,1
ishowspeed,1
skincaregoals,1
skincarebeforeandafter,1
melasmatreatment,1
30daychallenge,1
ttsstarcreator,1
ttslevelup,1
ttsfashionfam,1
ttsdelightnow,1
ttsbeautybestie,1
tiktokshopjumpstart,1
tiktokmademybuyit,1
starcreatorcompetition,1
starcreator,1
springtok,1
springfashionfest,1
beautyofjoseansunscreen,1
grwmchallenge,1
mattesunscreen,1
cosmeticvideography,1
cuttingjelly,1
coleologycuttingjelly,1
coleology,1
underarm,1
dynastycream,1
hairmascara,1
haircareproducts,1
babyhairs,1
sephoraprices,1
probiocica,1
eczemaproneskin,1
productvideography,1
productvideo,1
myeongdong,1
springintowellness,1
tjmaxxskincare,1
shopwithme,1
hydratingtoners,1
thingstodoinkorea,1
shopping,1
mixsoonskincare,1
beautyhaul,1
kbeautyskin,1
glowwithpurpose,1
glassskineveryday,1
cushioncompactlove,1
teenagers,1
beautyfavorites,1
dex,1
greentomatoclaymaskcleanser,1
naturalcoverlotion,1
obge,1
neckcream,1
mdpskincare,1
mdppartner,1
mdpmothersdaysale,1
mdpglowgetters,1
partner,1
ninapool,1
newjeans,1
yepoda,1
tiendaonline,1
travelkorea,1
seoulshopping,1
pharmacyhaul,1
pharmacyfavorites,1
mustbuyinkorea,1
ktravelshopping,1
koreatraveltips,1
koreansupplements,1
koreanhealthtips,1
koreandrugstore,1
koreamusthaves,1
kbeautyessentials,1
hiddengemskorea,1
over40,1
beautybloggers,1
beautyaddict,1
redbottlediet,1
riceduo,1
vtcosmetics_official,1
vtcosmetics_global,1
matrigen,1
soloesthetician,1
facialist,1
kbeautytrends,1
kbeautyskincaretips,1
kbeautyskincareproducts,1
kbeautymakeupproducts,1
kbeautyjunkie,1
nontoxicskincareproducts,1
nontoxicskincare,1
nontoxicproducts,1
nontoxicliving,1
ultabeautypartner,1
beautyturess,1
daisoskincare,1
daisomakeup,1
daisokorea,1
daiso,1
vitamincomplex,1
capsulescoop,1
lookyounger,1
healthyskincare,1
foundationreview,1
entropymakeup,1
microneedlingserum,1
drpen,1
amazonskincarefinds,1
springreset,1
howto,1
porcelainskin,1
pickyclubhouse,1
reduceporesize,1
odaro,1
melasma,1
hyperpigmentationtreatment,1
anuadoublecleansing,1
glowdeepserum,1
anuaheartleaf77,1
acnemask,1
veganpdrn,1
unevenskintone,1
primeday,1
abibpdrnovernightmask,1
tiktokshopdealsforyoudays,1
medicubeambassador,1
nad,1
glowingwithnad,1
vitamincskincare,1
eyeserum,1
eyepatch,1
amazonbeautyfinds,1
tocobosunstick,1
imfromhoneymask,1
deinfluencingskincare,1
musthaveskincareessentials,1
legitkoreanskincare,1
koreanskincareforscars,1
haircareproductsforhairgrowth,1
bestkoreanbeautyproducts,1
trendingkoreanskincare,1
